tenure_months,monthly_spend,support_tickets,satisfaction_score,churn
7,51.45,2,4.7,0
55,93.11,0,5.6,0
47,70.87,2,7.4,1
32,62.93,4,2.9,0
31,67.35,2,7.0,0
61,75.58,1,7.6,0
7,85.42,3,6.4,1
50,45.01,1,8.1,0
15,43.96,0,7.4,0
7,97.62,1,5.9,0
38,59.69,1,3.1,0
70,34.58,2,7.3,0
53,81.1,1,5.1,0
55,81.58,2,5.8,0
51,31.73,5,8.0,0
56,75.74,2,9.8,0
37,88.39,0,6.9,0
10,79.36,0,8.1,0
60,85.8,3,4.1,0
32,34.89,0,7.5,0
36,78.28,3,6.9,0
27,62.43,4,9.5,0
13,57.93,0,5.9,0
66,91.76,1,6.5,0
56,106.98,0,9.1,0
46,114.86,1,6.8,0
29,102.87,4,4.8,0
59,67.26,1,10.0,0
39,78.82,2,4.8,0
32,89.17,2,6.9,0
32,73.03,1,7.7,0
17,73.27,1,7.5,0
7,90.59,1,6.6,0
40,68.52,1,6.6,0
64,51.77,1,6.5,0
5,59.64,0,4.8,0
61,85.85,1,10.0,0
59,70.07,4,6.6,0
20,78.51,0,8.2,0
45,86.75,3,6.3,0
12,60.63,2,6.3,0
54,88.91,0,6.1,0
50,79.47,1,3.9,0
26,39.13,5,6.7,1
5,106.06,0,6.2,0
69,57.48,1,9.3,0
32,28.62,0,4.6,1
64,43.87,0,5.8,0
49,44.47,1,5.2,0
56,71.3,0,9.9,0
54,63.15,4,5.3,0
14,61.58,3,8.1,0
26,85.49,0,8.9,0
34,78.5,0,6.7,0
36,77.9,5,4.2,1
4,80.25,0,4.3,1
39,85.4,2,8.7,0
11,17.3,2,4.5,0
53,60.89,1,7.8,0
49,15.49,0,7.2,0
66,70.9,0,7.8,0
53,69.88,2,7.9,0
27,96.14,1,5.1,0
69,99.69,0,5.0,0
30,75.07,3,8.4,0
24,57.49,1,5.7,0
65,82.13,0,1.5,0
27,56.8,6,8.3,0
6,69.97,0,4.9,1
34,94.65,0,7.9,0
57,56.06,0,9.8,0
14,90.14,0,7.0,0
33,86.94,2,9.0,0
10,46.13,1,7.3,0
49,94.35,2,10.0,0
34,87.46,1,4.9,0
24,72.55,1,7.0,0
17,50.94,2,8.3,0
41,48.52,2,6.6,0
48,56.56,2,9.3,0
67,83.56,0,6.1,0
32,46.11,1,10.0,0
12,80.94,0,10.0,0
60,38.96,0,7.6,0
45,64.9,2,8.1,0
50,72.74,2,9.4,0
7,131.13,2,4.6,0
23,35.57,1,4.4,1
55,106.8,4,9.5,0
60,73.75,1,7.5,0
31,80.28,0,6.5,0
58,72.96,1,7.0,0
60,81.12,1,2.2,0
28,66.16,0,6.6,0
64,106.35,0,5.5,0
21,58.59,1,8.8,0
18,98.31,1,9.0,0
49,53.89,1,8.2,0
46,68.49,2,7.8,0
10,43.2,4,4.0,0
60,81.38,2,8.2,0
15,106.13,1,8.3,0
58,68.07,1,9.5,0
1,65.08,1,10.0,1
57,42.13,0,3.6,0
56,64.27,2,6.2,0
56,30.18,0,5.5,0
48,47.18,1,7.3,0
34,75.67,2,7.0,0
51,102.98,3,6.5,0
20,140.23,1,9.1,0
56,55.34,2,4.8,0
40,105.88,2,4.9,0
33,76.09,0,5.0,0
36,66.22,0,6.3,0
41,80.81,1,4.5,0
3,71.55,4,6.9,0
10,72.76,0,6.7,1
18,59.79,1,5.4,0
9,35.05,0,8.7,0
32,31.41,1,6.9,1
48,86.33,3,9.1,0
47,63.08,3,6.6,0
34,55.1,0,7.0,0
61,70.21,2,5.9,0
41,89.87,1,7.0,0
6,74.51,1,8.4,0
55,53.6,2,6.2,0
41,100.66,2,8.0,0
46,109.48,0,5.4,0
41,82.36,3,8.5,0
40,94.34,2,5.8,0
7,101.05,0,8.7,0
40,98.25,0,7.1,0
57,85.35,1,10.0,0
22,84.96,1,4.7,0
43,82.99,2,4.0,1
3,42.57,1,5.8,0
25,87.52,2,4.2,0
32,36.1,2,4.2,0
70,50.14,0,8.2,0
16,102.59,2,7.0,0
20,91.01,1,6.0,0
30,107.18,1,6.2,0
71,63.21,0,5.8,0
61,41.19,3,10.0,0
3,63.99,3,5.5,0
17,72.55,3,4.4,1
59,71.97,1,8.6,0
5,98.34,2,6.6,0
61,60.97,2,10.0,0
20,78.8,0,5.9,0
66,45.28,2,8.7,0
21,81.26,5,9.2,0
31,70.08,1,6.0,0
47,51.25,0,5.5,0
9,64.1,1,8.5,0
40,65.4,1,8.1,0
36,63.25,1,4.2,0
56,114.28,2,4.7,0
71,67.54,3,1.9,0
48,63.9,1,8.2,0
30,17.56,1,6.5,0
29,47.64,4,6.7,0
30,63.42,2,3.6,0
58,52.85,1,4.8,0
23,104.54,1,6.0,0
12,65.88,1,5.7,0
24,102.21,0,7.2,0
2,71.54,0,8.2,0
8,70.93,2,10.0,0
7,67.78,2,7.0,1
55,70.09,3,9.2,0
52,112.97,0,5.3,0
50,12.01,4,3.7,0
33,19.96,3,6.3,0
51,56.42,1,3.8,0
12,70.36,2,7.0,0
64,87.25,2,5.4,0
36,81.83,2,3.1,0
67,60.39,2,10.0,0
11,95.48,3,5.9,0
36,95.75,4,3.7,0
50,74.6,2,8.8,0
36,94.07,2,5.5,0
32,76.82,2,9.2,1
12,55.96,3,5.5,1
28,87.45,2,5.9,0
17,72.77,0,7.7,1
22,70.03,3,8.2,0
49,106.82,2,8.5,0
45,10.0,7,6.8,0
44,34.56,2,8.1,0
26,40.32,1,8.5,0
69,60.92,1,7.4,0
7,63.63,1,6.7,0
25,32.32,0,4.1,0
9,45.37,2,8.2,0
25,48.48,0,7.1,0
69,131.44,1,6.2,0
27,115.04,2,9.6,0
65,59.71,1,4.1,0
36,60.91,2,10.0,0
50,41.27,1,7.0,0
33,22.3,1,7.6,0
19,67.08,2,6.2,0
55,45.05,3,3.7,0
69,67.88,1,6.7,0
19,29.99,4,7.7,0
56,50.95,3,8.4,0
19,73.72,5,6.6,1
51,79.16,1,2.6,0
57,80.44,1,3.9,0
32,36.99,1,10.0,0
53,91.37,1,4.8,0
20,49.99,1,9.9,0
6,85.82,3,5.1,0
7,69.73,3,6.6,0
32,35.59,2,8.3,0
65,62.1,2,5.4,0
10,79.13,0,10.0,0
33,85.32,5,7.2,0
50,66.48,0,7.9,0
15,108.29,1,6.5,0
52,95.19,1,8.3,0
22,63.58,0,10.0,0
58,88.75,1,6.7,0
42,118.34,1,10.0,0
39,119.01,1,5.8,0
13,39.3,3,8.5,0
33,46.84,0,8.0,0
61,107.12,2,4.9,0
2,43.54,1,7.4,0
54,36.94,4,7.0,0
35,57.85,1,5.3,0
52,80.51,0,7.7,0
48,67.44,3,7.3,0
31,53.74,0,6.9,0
22,53.14,1,6.9,0
45,52.19,2,6.8,0
10,48.01,0,6.3,0
42,127.04,1,7.3,0
7,77.44,0,5.7,0
47,92.17,2,10.0,0
45,57.77,1,4.2,0
6,65.35,1,5.8,0
54,52.16,1,6.0,0
30,10.0,1,10.0,0
56,35.55,0,4.4,0
3,24.73,2,7.9,0
13,13.76,0,7.5,0
36,40.12,3,7.7,0
14,103.12,1,9.5,0
24,68.89,0,9.4,0
47,102.26,1,6.1,0
11,80.27,1,7.4,0
49,89.56,1,3.3,0
8,47.48,3,7.2,0
13,83.1,1,5.4,0
42,88.22,1,6.6,0
57,55.58,1,3.6,0
13,83.99,0,7.8,0
22,84.15,0,3.6,0
66,56.26,2,7.3,0
71,41.93,1,4.5,0
42,40.4,1,5.3,0
32,72.16,2,9.3,0
25,78.18,1,8.2,0
44,50.19,0,9.3,0
42,70.66,2,10.0,0
21,84.26,2,5.5,0
2,85.45,0,10.0,1
11,108.8,1,4.1,1
69,101.92,3,8.5,0
30,44.97,7,6.0,0
35,112.09,3,5.1,0
34,56.73,3,8.2,0
56,96.12,5,8.9,0
5,71.7,0,8.8,0
6,59.7,2,7.4,1
20,24.81,2,7.3,0
35,65.71,0,8.1,1
48,31.02,2,7.6,0
35,94.18,1,8.1,0
32,107.92,2,7.4,0
67,50.08,0,8.7,0
12,77.55,2,3.7,0
41,51.87,1,6.7,0
39,54.29,1,4.2,0
34,89.36,1,7.6,0
58,69.04,2,10.0,0
19,113.49,1,6.1,1
68,57.94,2,7.3,0
24,94.98,5,8.5,0
39,72.44,3,2.9,0
37,89.89,2,6.0,0
61,58.82,2,7.7,0
32,68.76,3,1.2,0
21,67.11,2,5.0,0
2,49.1,1,9.2,1
26,86.55,0,9.0,0
59,86.26,3,7.7,0
1,84.84,1,8.8,0
64,108.42,0,7.4,0
39,106.23,0,8.1,0
10,60.63,1,6.4,0
22,79.33,0,7.2,1
40,54.41,0,5.7,0
23,70.58,4,9.5,0
8,55.01,0,10.0,0
48,110.5,1,9.8,0
48,79.09,1,6.2,0
9,64.55,1,5.1,1
20,99.84,4,9.6,0
18,15.73,0,8.1,0
47,19.65,2,7.7,0
52,89.9,2,5.7,0
52,71.51,2,7.9,0
67,76.26,1,4.8,0
55,36.84,2,8.3,1
23,69.42,2,9.8,0
8,120.09,4,10.0,0
44,90.6,2,8.4,0
66,74.24,1,4.2,0
70,59.02,1,7.4,0
17,60.14,2,10.0,0
17,16.77,3,5.3,0
3,76.44,1,6.9,0
11,91.14,2,9.8,0
40,30.61,1,8.2,0
39,53.46,1,10.0,0
27,41.06,1,5.5,0
23,45.87,0,5.0,0
59,71.34,0,9.4,1
33,17.89,0,4.6,0
58,85.36,2,6.6,0
69,88.85,1,6.9,0
23,63.72,3,9.1,0
15,10.0,2,8.2,1
68,45.09,3,7.9,0
46,100.82,0,6.2,0
21,10.0,2,9.4,0
45,61.31,2,10.0,0
37,40.5,1,8.4,0
65,90.11,0,7.2,0
19,53.12,0,4.4,0
71,80.1,3,5.7,0
67,84.14,4,6.6,0
13,115.91,2,5.9,0
12,64.93,1,7.0,1
38,79.4,1,10.0,0
4,32.87,2,9.5,0
22,99.76,0,6.7,0
31,50.99,3,4.6,0
69,55.98,3,9.7,0
71,69.44,3,6.9,0
11,30.93,0,3.5,0
64,75.72,1,8.4,0
7,94.19,1,9.1,0
54,77.32,1,2.1,0
61,30.28,0,5.4,0
64,66.9,0,6.8,0
16,88.55,0,8.5,0
64,23.05,1,6.0,0
9,43.13,1,5.3,0
37,91.91,0,8.5,0
34,76.75,2,6.1,0
23,80.3,3,8.1,0
2,116.49,3,4.8,0
55,81.71,1,4.3,0
24,86.45,0,8.5,0
47,137.77,1,7.5,0
30,64.65,1,8.8,0
27,50.05,1,5.9,0
63,80.69,1,5.4,0
7,80.97,1,9.7,0
53,56.83,1,4.0,0
54,44.19,0,9.5,0
27,127.75,0,9.6,0
19,78.17,0,8.7,0
1,51.69,0,5.6,1
67,92.9,2,5.4,0
68,67.27,2,6.6,0
18,63.68,1,4.4,0
3,84.06,0,5.1,0
9,37.7,4,8.3,0
5,78.82,0,8.3,0
60,117.82,1,4.9,0
64,81.65,0,8.4,0
11,60.59,0,7.9,1
54,57.32,1,10.0,0
13,59.74,0,8.1,0
27,63.65,2,9.1,0
43,60.55,1,8.0,0
52,92.91,0,9.0,0
63,26.67,1,4.4,0
4,91.55,0,6.8,0
14,60.51,1,6.9,0
20,79.42,0,6.5,0
23,41.83,1,7.9,0
71,103.22,2,8.3,0
56,101.14,1,7.8,0
23,93.99,1,6.6,0
69,32.13,0,5.5,0
36,90.73,3,9.2,0
36,80.12,2,7.7,0
31,29.87,2,5.0,0
11,69.39,2,6.6,0
67,79.11,1,3.5,0
1,83.9,3,7.1,0
13,74.43,1,6.6,0
17,77.28,2,5.9,1
20,106.84,1,10.0,0
10,100.65,3,4.7,0
2,10.0,2,8.4,0
49,62.06,3,10.0,0
69,65.88,3,9.2,0
9,26.2,1,6.9,0
22,72.35,1,4.7,1
36,101.22,2,4.3,0
66,42.84,2,6.2,0
50,78.41,0,5.6,0
55,47.1,0,5.6,0
42,53.2,2,6.3,0
30,106.93,0,6.8,0
15,56.44,1,8.0,0
62,81.56,1,4.5,0
58,23.22,1,5.6,0
2,116.56,3,6.7,0
51,85.07,0,6.6,0
6,65.44,0,10.0,0
53,84.39,2,7.5,0
59,34.75,0,3.8,0
10,99.56,1,7.8,0
31,61.9,3,8.1,0
9,64.9,2,6.7,1
41,57.71,1,4.6,0
66,55.48,4,10.0,0
6,87.37,4,4.9,0
29,76.4,2,8.3,0
70,86.29,4,7.4,0
22,69.78,1,8.2,0
10,82.83,2,10.0,0
35,59.53,3,8.1,0
37,125.74,2,5.9,0
48,30.8,4,9.2,0
23,101.52,1,5.7,0
68,104.2,1,7.3,0
37,48.7,1,4.4,0
21,125.73,2,4.9,0
69,94.89,1,7.1,0
66,94.28,1,7.7,0
36,70.7,1,3.6,0
2,64.57,1,8.0,0
43,64.76,1,5.4,0
40,79.76,1,9.6,1
11,105.03,2,6.3,0
46,74.53,1,4.8,0
60,47.21,1,7.2,0
8,90.61,4,5.2,0
52,93.03,4,9.5,0
10,86.37,2,7.0,0
54,88.64,4,6.7,1
30,63.23,0,8.2,0
1,46.78,0,5.0,0
69,48.3,1,4.4,0
12,29.11,3,7.8,0
43,75.92,1,4.8,0
13,67.91,1,4.8,0
67,59.0,0,8.7,0
53,10.0,0,8.1,0
58,38.82,1,4.5,0
31,98.02,3,5.8,0
34,53.38,0,5.2,0
46,79.01,1,10.0,0
56,35.23,2,8.8,0
61,105.97,0,6.2,0
2,66.4,1,8.2,0
48,77.25,1,4.3,0
8,128.14,2,5.7,0
21,107.91,0,7.2,1
59,62.34,1,7.9,0
18,55.17,0,6.8,0
57,61.86,2,7.5,0
33,82.75,1,7.2,0
17,67.37,1,6.7,1
24,60.12,2,6.4,0
38,106.68,0,6.1,0
55,67.14,2,7.5,0
44,127.49,3,7.8,0
67,72.27,2,7.4,0
62,114.63,1,4.6,0
54,78.93,0,5.0,0
43,94.07,2,7.8,0
21,51.88,0,9.9,0
30,48.66,2,7.3,0
9,81.49,0,6.2,0
27,94.71,2,7.4,0
66,71.01,3,4.7,0
31,37.84,2,9.6,0
9,35.99,5,7.4,1
47,34.32,1,5.7,0
69,25.81,0,6.7,0
62,72.74,2,5.9,0
20,98.13,1,9.6,0
33,69.66,1,6.6,0
38,13.49,0,7.3,0
18,65.23,1,8.1,0
20,65.93,1,5.5,1
17,122.4,2,7.4,0
71,33.57,0,7.5,0
53,60.23,0,3.9,0
60,112.65,2,7.5,0
58,81.25,2,6.9,0
69,84.08,4,7.3,0
8,72.86,0,7.1,1
63,78.25,0,7.5,0
5,89.44,1,9.7,0
34,49.76,4,4.6,0
43,91.95,1,6.3,0
26,35.67,4,8.3,0
11,78.21,3,8.0,0
14,74.47,0,7.9,0
59,54.59,1,10.0,0
23,69.43,3,8.2,0
23,54.44,1,9.3,0
66,43.21,2,6.4,0
11,61.16,0,5.0,0
65,42.4,0,6.4,0
66,78.07,2,8.4,0
43,41.25,0,7.8,0
12,87.8,1,7.8,0
12,40.46,5,6.6,0
21,55.84,0,6.3,0
41,54.38,0,6.6,0
11,103.13,1,8.4,0
33,78.26,3,8.7,0
9,64.71,2,5.0,0
39,82.47,4,8.5,0
2,17.32,2,5.7,1
51,68.92,1,7.9,0
4,119.94,0,6.6,1
14,73.31,1,10.0,0
13,71.7,1,6.2,0
60,83.7,1,7.4,0
4,92.39,1,8.2,0
31,20.06,1,5.3,1
42,27.94,1,6.9,0
37,75.26,3,6.5,0
49,52.13,2,6.0,0
58,102.8,3,6.1,0
28,62.12,1,9.2,0
59,21.64,1,5.8,0
23,38.3,3,8.1,0
70,10.0,1,7.6,0
36,64.15,2,4.2,0
53,65.29,1,8.0,0
63,59.39,1,4.2,0
57,96.97,1,8.3,0
61,99.96,1,6.0,0
39,65.74,1,7.0,0
4,16.63,0,4.4,0
36,85.43,1,7.2,0
13,83.88,0,8.9,0
64,77.73,1,5.4,0
17,94.54,2,5.8,1
17,40.88,0,7.9,0
18,120.22,1,8.0,0
46,46.01,3,2.1,0
41,88.73,3,10.0,0
68,27.82,1,8.1,0
30,46.74,0,8.4,0
21,107.91,3,6.7,1
4,63.48,1,3.3,0
1,91.0,2,8.3,0
27,75.92,4,5.9,1
66,67.38,1,8.1,0
38,104.1,1,6.6,0
64,64.08,2,7.5,0
8,25.48,2,5.5,1
7,49.92,0,8.7,0
60,83.78,0,4.6,0
8,79.89,2,10.0,0
4,30.82,2,10.0,0
29,51.89,0,10.0,0
66,55.46,2,9.6,0
49,60.86,1,6.8,0
8,35.6,4,9.3,0
60,54.29,2,6.8,0
60,51.78,0,3.9,0
57,89.29,1,10.0,0
65,90.23,3,9.3,0
18,66.35,1,6.9,0
70,60.2,2,4.5,0
23,73.5,1,5.8,0
57,49.59,2,3.4,0
42,41.33,0,8.9,0
56,46.49,1,3.8,0
45,54.13,0,7.6,0
46,40.91,2,5.3,0
44,74.05,2,4.1,0
56,88.24,0,7.5,0
53,30.32,1,6.3,0
10,70.63,2,8.7,0
59,64.5,0,4.5,0
39,78.54,3,5.5,0
23,69.68,3,2.2,0
37,33.66,2,2.6,1
69,38.44,2,10.0,0
61,70.74,0,10.0,0
60,95.72,2,7.2,0
33,14.65,1,5.4,0
56,78.64,0,6.4,0
28,99.74,2,8.7,0
49,66.17,2,6.0,0
46,83.76,1,7.5,0
18,52.42,0,7.0,0
19,67.02,1,5.9,0
5,29.48,1,5.9,0
10,11.39,3,7.6,1
31,93.57,2,5.0,0
34,45.38,1,7.9,0
12,58.61,0,6.1,1
30,35.34,2,7.3,0
43,34.75,2,9.8,0
17,65.65,1,6.7,0
25,51.76,2,8.8,0
27,79.45,1,3.4,1
36,81.31,1,6.1,1
27,78.02,6,7.1,0
53,75.97,3,10.0,0
24,109.44,2,3.1,0
31,43.31,0,6.8,0
27,68.63,2,9.9,0
13,98.32,1,5.4,0
49,101.61,5,6.6,0
17,34.46,1,7.7,0
22,62.19,0,7.4,0
57,103.95,3,10.0,0
68,82.7,1,7.9,0
48,74.88,1,9.7,0
66,64.56,2,6.3,0
61,60.4,0,5.5,0
35,77.21,3,6.5,0
55,63.69,2,4.7,0
24,68.94,0,8.0,0
33,71.96,1,6.2,0
39,53.05,1,5.7,0
69,83.3,1,8.0,0
61,142.86,0,4.7,0
35,25.58,2,8.5,0
47,78.1,0,6.0,0
15,51.0,0,9.3,1
58,84.44,0,6.2,0
40,71.16,1,8.3,0
38,89.05,3,7.4,0
55,99.39,1,8.5,0
45,74.81,2,7.2,0
6,98.3,0,3.7,0
21,11.39,3,9.0,0
13,109.76,1,6.8,0
53,79.38,3,8.6,0
3,96.95,2,8.4,1
15,39.5,2,5.5,1
43,49.23,0,5.2,0
50,73.65,1,8.3,0
36,69.57,1,6.4,0
62,77.08,0,8.9,0
66,97.11,0,6.6,0
10,25.87,0,9.0,0
68,94.35,0,7.8,0
44,70.21,2,7.6,0
46,64.91,3,6.3,0
7,33.22,1,7.5,0
45,82.58,3,9.4,0
52,10.0,3,6.9,0
42,86.21,1,8.1,0
6,32.7,3,7.1,0
38,71.34,1,7.2,0
67,67.02,0,10.0,0
52,99.24,1,9.4,0
10,65.53,1,7.2,0
69,52.65,2,7.4,1
69,57.33,3,5.6,0
13,101.82,1,6.7,0
57,83.41,1,7.6,0
29,60.36,2,8.7,0
43,64.09,1,8.5,0
32,30.82,2,4.8,0
56,79.71,2,9.0,0
71,26.0,2,6.8,0
57,88.79,3,5.0,0
67,73.22,0,9.7,0
68,129.67,1,9.9,0
7,42.5,1,7.5,1
18,67.43,1,8.4,0
52,114.96,0,8.5,0
42,99.78,3,9.8,0
4,52.59,0,8.5,0
7,75.6,1,4.3,0
37,70.05,3,10.0,0
44,77.05,1,9.1,0
12,52.53,3,6.0,1
13,67.77,1,4.9,1
10,30.05,1,8.0,0
41,73.38,1,6.4,0
1,81.25,2,7.7,1
41,64.31,0,8.5,0
34,29.62,1,5.9,0
34,94.71,0,4.8,1
49,79.11,1,7.8,0
38,51.85,1,5.9,0
52,62.98,3,7.3,0
55,32.48,3,4.3,0
66,44.36,0,6.5,0
57,56.55,2,8.4,0
37,100.71,2,8.2,0
35,54.01,0,5.4,0
17,86.01,0,4.7,1
43,56.54,3,7.0,0
10,76.2,0,8.1,0
67,66.47,0,7.8,0
60,91.83,3,6.0,0
9,56.63,2,7.6,0
56,30.69,2,10.0,0
9,35.45,2,7.4,0
52,56.7,1,3.7,1
7,38.77,2,7.4,0
35,80.26,1,10.0,0
47,58.36,2,4.4,0
52,129.37,0,7.1,0
30,26.56,3,6.5,0
66,75.09,1,7.2,0
55,41.8,2,7.4,0
15,57.66,0,9.3,0
48,73.54,0,7.2,0
52,11.87,0,9.6,0
24,75.92,0,6.8,0
53,117.57,2,6.3,0
64,58.66,1,5.7,0
59,76.5,1,3.4,0
55,95.62,1,7.6,0
46,65.9,1,10.0,0
20,55.48,2,7.9,0
57,13.11,0,8.4,1
26,86.02,3,6.2,1
38,67.17,1,6.5,0
23,44.68,2,9.0,0
23,73.16,1,10.0,0
12,55.41,1,10.0,0
69,56.79,2,8.6,0
11,85.16,1,7.1,0
7,36.54,2,7.4,0
67,96.18,0,5.5,1
40,35.06,2,4.1,0
32,53.43,0,4.7,0
53,118.07,2,7.1,0
28,98.18,2,6.4,0
10,72.44,3,4.1,0
52,46.49,1,6.9,0
13,56.77,1,6.4,1
40,71.83,1,4.7,0
68,70.94,3,6.3,0
67,67.73,1,6.4,0
26,69.23,4,5.8,0
56,64.64,1,8.9,0
44,33.95,0,3.2,0
35,57.09,1,3.0,0
10,92.87,3,7.0,0
27,35.79,3,7.2,0
47,65.26,0,7.8,0
71,49.51,2,5.9,0
1,72.78,1,5.2,0
51,60.28,2,7.0,0
61,106.93,3,6.1,0
68,82.66,1,10.0,0
31,37.2,2,6.4,0
9,86.78,0,6.9,0
20,50.63,1,10.0,0
61,55.58,4,6.6,0
63,77.85,3,8.1,0
46,57.71,1,8.3,0
9,92.32,2,8.5,0
9,50.64,1,7.6,0
34,54.53,2,7.4,0
42,53.59,0,7.2,0
3,55.86,1,5.8,0
49,97.48,1,7.7,0
39,85.72,1,10.0,0
1,112.75,0,9.4,0
7,126.69,2,7.6,0
33,44.23,2,8.7,0
52,71.76,1,5.3,0
59,40.59,0,6.5,0
31,50.56,3,8.9,0
21,54.25,1,10.0,0
69,43.57,1,5.5,0
33,43.7,1,6.0,0
23,66.39,1,10.0,0
32,39.58,0,7.2,0
1,91.05,2,10.0,0
22,47.06,1,7.4,0
37,140.24,0,7.5,0
66,58.72,1,6.4,0
53,71.8,1,8.9,1
56,37.62,2,9.7,0
39,112.65,0,4.9,0
8,97.99,2,6.3,0
28,77.42,2,8.8,0
71,36.33,1,6.7,0
4,75.27,1,6.0,1
63,41.96,1,9.0,0
49,106.56,2,9.2,0
21,90.23,5,6.1,1
56,72.39,1,7.4,0
60,10.0,1,4.6,0
4,45.41,0,5.2,0
8,87.19,1,7.2,0
48,100.32,2,7.1,1
71,97.73,1,5.1,0
2,30.2,2,5.6,0
48,77.54,0,4.9,0
10,95.39,1,7.9,0
47,28.54,2,3.1,0
45,69.8,1,5.0,0
7,76.85,1,3.3,0
49,62.48,2,7.8,0
64,23.7,2,3.4,0
62,61.86,2,7.1,0
3,61.82,0,10.0,1
18,66.3,0,10.0,0
18,55.91,1,3.4,0
33,58.92,3,7.6,0
11,69.01,1,5.0,0
61,81.06,1,4.6,0
56,62.39,3,6.8,0
58,59.76,1,9.5,0
15,72.31,2,8.2,0
2,21.98,2,5.6,0
65,81.93,3,8.4,0
21,69.99,2,2.5,1
47,70.99,2,5.5,0
65,94.02,4,5.4,0
3,21.18,2,7.2,0
1,20.65,0,6.6,0
1,76.85,3,6.7,0
12,69.82,1,6.7,0
4,74.25,1,7.0,0
59,58.45,3,8.1,0
44,86.61,3,7.3,0
70,93.32,2,6.4,0
57,82.1,2,7.8,0
69,63.48,0,8.7,0
17,17.31,1,5.9,0
21,89.23,3,6.9,0
61,100.54,0,9.3,0
18,86.11,2,4.8,0
5,48.01,0,10.0,0
48,86.84,0,4.3,0
57,91.51,1,6.3,0
69,108.97,2,5.1,0
66,48.1,4,10.0,0
9,64.34,2,6.0,0
55,88.68,0,6.0,0
61,71.44,1,6.3,0
50,42.07,0,7.2,0
59,80.37,0,6.3,0
60,84.47,1,6.7,0
32,72.2,1,1.0,1
3,75.49,2,7.1,0
33,63.53,2,7.0,0
15,106.96,2,9.1,0
9,47.48,2,9.6,0
9,55.32,1,6.6,0
50,70.27,0,8.6,0
36,91.97,0,4.8,0
39,32.57,0,8.5,0
53,37.24,0,5.9,0
39,19.06,2,4.6,0
45,70.82,1,6.6,0
7,42.04,1,9.8,0
61,60.39,1,7.4,0
32,86.53,3,10.0,0
12,53.96,1,5.5,0
58,75.78,4,9.1,0
53,62.52,2,5.7,0
4,86.8,0,7.5,0
14,81.88,0,7.4,0
2,52.7,1,8.3,0
20,65.78,0,7.5,1
8,96.09,0,5.5,0
51,79.83,1,8.8,0
38,35.08,0,10.0,0
70,86.39,1,5.8,0
54,42.88,3,3.3,1
44,105.31,1,8.0,0
37,95.6,1,6.3,0
4,77.25,0,6.7,0
5,73.93,1,8.1,0
44,64.77,0,6.1,0
1,86.96,1,6.5,0
4,60.73,0,6.8,1
16,75.89,0,9.9,0
63,91.8,0,7.1,0
33,55.95,1,4.5,1
51,54.6,2,4.6,0
30,40.14,2,7.3,0
13,43.39,0,4.7,1
27,24.29,2,3.9,0
7,88.25,1,8.3,0
55,115.22,1,8.4,0
14,105.63,2,6.3,0
27,29.35,0,7.6,0
70,88.12,2,7.4,0
43,105.55,1,8.2,0
33,58.58,3,8.2,1
39,72.54,1,1.8,0
56,19.8,2,6.5,0
19,76.67,2,8.0,0
46,43.41,3,6.2,0
62,74.99,5,7.1,0
41,30.97,2,8.5,0
32,83.57,2,7.2,0
11,95.61,2,10.0,0
18,50.42,0,9.3,0
68,41.58,2,6.8,0
39,16.1,1,6.6,0
22,63.34,3,1.3,0
30,55.46,2,6.3,0
42,31.22,1,4.3,0
39,81.33,3,7.4,0
50,58.75,0,7.3,0
19,43.11,2,8.4,0
47,56.14,0,9.8,0
32,96.78,1,6.9,1
67,85.07,1,10.0,0
12,66.75,1,7.5,0
11,85.48,1,4.4,0
33,40.98,2,5.9,0
37,70.81,0,6.3,0
50,73.68,2,8.2,0
29,58.25,0,5.1,0
65,80.89,0,6.4,0
34,50.49,3,6.7,0
10,82.75,2,6.1,0
9,83.8,0,8.6,0
70,10.0,2,8.3,0
10,99.76,2,9.3,1
68,10.0,1,6.3,0
20,54.6,2,9.4,0
7,95.63,0,4.3,0
22,62.07,3,4.2,0
44,33.35,6,4.6,0
31,42.66,1,7.0,0
56,95.67,2,9.4,0
44,21.96,0,5.8,0
29,98.22,5,6.0,0
46,68.62,1,6.6,0
69,40.19,1,8.1,0
30,55.42,3,6.0,1
11,44.57,1,5.9,0
30,91.66,1,4.3,1
60,88.31,2,5.9,0
16,27.02,1,9.4,0
68,59.91,0,7.2,0
42,48.42,0,5.5,1
43,102.34,3,9.5,1
23,36.25,2,5.8,0
66,110.11,1,9.8,0
3,69.17,2,9.8,0
22,40.95,1,7.1,0
30,53.07,1,4.0,1
34,49.96,2,10.0,0
34,38.13,0,7.8,0
11,72.37,1,6.4,1
17,39.3,1,8.9,1
7,15.49,1,8.4,1
41,60.51,2,9.6,0
25,24.93,1,5.7,0
41,51.2,1,7.6,1
42,47.27,2,4.6,0
50,48.22,6,8.3,0
39,120.02,2,7.0,1
47,71.41,1,7.6,0
42,76.13,1,6.7,0
47,25.59,1,6.5,0
44,53.65,0,5.3,0
23,75.38,4,8.6,1
18,44.39,2,10.0,0
56,92.7,1,5.9,0
25,39.93,2,8.1,0
39,62.84,2,7.9,0
14,55.35,1,7.0,1
31,74.11,0,3.9,0
38,53.99,1,4.4,0
45,63.23,0,5.4,0
38,64.1,1,2.7,0
26,51.64,2,9.8,0
69,82.13,1,7.7,0
37,75.96,1,6.9,0
58,67.78,1,2.6,0
53,59.24,1,3.4,0
40,89.91,0,7.0,0
63,64.1,3,10.0,0
10,62.33,0,5.6,0
66,72.62,1,8.7,0
61,112.41,3,6.0,0
36,36.49,2,7.1,1
53,89.25,1,9.4,0
37,22.67,2,6.3,0
20,75.43,2,5.6,0
57,109.38,1,9.8,0
18,82.22,1,7.1,0
23,74.27,2,9.2,0
37,55.99,0,5.6,0
60,70.78,2,9.8,0
28,63.7,0,7.5,0
36,50.35,2,7.9,0
3,62.75,0,7.3,0
9,74.96,1,6.0,1
4,50.82,0,7.0,0
6,49.84,0,6.1,0
62,35.99,2,8.9,0
60,79.77,2,6.6,0
59,83.63,2,4.0,0
4,75.79,4,3.6,0
6,94.13,2,3.5,1
20,72.2,1,8.2,0
41,79.8,1,4.7,0
24,77.6,3,7.6,1
35,67.71,1,7.3,0
13,56.73,3,6.9,1
52,125.35,1,7.9,0
23,58.7,1,7.3,0
5,53.35,2,1.6,1
53,80.85,2,6.4,0
65,76.3,2,7.9,0
2,34.88,0,10.0,0
32,98.07,2,10.0,0
59,67.65,0,4.3,0
51,42.23,0,6.3,0
61,99.72,1,3.9,1
30,85.64,0,10.0,1
27,38.39,2,9.0,0
51,114.43,0,7.7,0
11,86.47,5,7.3,0
17,69.75,2,9.8,0
43,109.76,2,9.4,0
48,73.98,2,9.3,0
9,69.3,2,7.9,1
37,53.49,3,6.3,0
26,84.55,2,8.5,0
36,81.92,0,8.6,1
69,70.37,4,6.6,0
6,50.25,2,6.3,1
71,73.25,0,9.3,0
32,68.26,1,10.0,0
55,36.66,2,5.5,0
31,33.2,2,6.5,0
23,84.13,0,7.7,0
55,10.0,1,8.0,0
49,75.14,2,6.0,0
11,58.05,3,10.0,0
51,102.71,1,7.8,0
54,57.66,0,8.1,0
28,86.49,1,10.0,0
66,60.08,0,6.1,0
46,72.84,1,6.8,0
24,88.42,1,4.5,0
1,58.44,1,6.7,0
48,94.91,3,4.0,0
15,45.16,1,8.5,0
54,77.36,0,7.8,0
38,93.07,1,6.4,0
34,86.5,3,6.8,0
12,117.91,1,8.5,0
51,50.91,2,4.7,0
12,35.52,2,7.4,0
30,45.14,1,8.4,0
60,86.51,0,3.4,0
66,82.45,1,8.4,0
71,72.56,5,3.7,0
69,41.93,3,6.8,0
40,89.17,2,4.7,0
15,39.38,2,9.9,0
60,98.97,2,4.7,0
57,141.44,0,3.7,1
71,79.16,0,7.3,0
47,84.58,3,6.2,0
11,57.68,3,4.0,0
36,24.74,0,8.1,0
32,54.93,2,3.0,0
60,42.68,1,4.9,0
28,33.82,0,5.8,0
24,113.06,2,8.6,1
6,76.82,2,9.6,0
60,79.49,4,9.2,0
54,62.27,0,6.7,0
3,65.68,0,2.1,0
31,94.11,2,7.8,0
35,69.19,0,9.9,0
34,83.27,1,9.5,0
66,65.1,0,7.9,0
11,61.45,4,4.6,0
22,34.83,2,5.9,0
13,20.56,3,10.0,1
18,63.46,4,4.2,0
65,71.41,4,4.7,0
67,37.85,0,8.9,0
4,69.14,0,6.1,0
45,71.34,3,4.6,0
17,16.1,2,10.0,0
14,47.12,0,7.9,0
21,80.18,1,6.2,0
14,79.68,1,4.7,0
35,41.16,0,10.0,0
71,73.96,0,7.0,0
42,95.56,4,9.8,0
52,89.43,1,8.8,0
36,67.62,2,6.0,0
1,58.3,1,6.0,1
6,54.27,1,9.9,0
20,81.7,0,9.9,0
18,74.88,3,3.2,0
60,85.74,4,8.1,0
60,73.3,4,6.8,0
61,90.47,2,4.9,0
46,72.36,0,7.5,0
40,89.62,4,4.3,0
47,91.77,1,6.1,0
29,49.89,3,5.4,0
48,24.8,3,6.0,0
57,108.59,2,6.9,0
55,76.42,3,5.0,0
44,27.14,1,10.0,0
5,52.15,1,8.0,0
52,89.3,3,10.0,0
27,63.01,1,6.7,0
53,57.2,1,5.9,0
39,105.02,3,10.0,0
63,43.82,1,5.8,0
25,50.05,1,6.6,0
67,75.28,2,8.4,0
60,79.76,0,4.5,0
24,82.41,1,8.4,1
35,92.78,1,8.2,0
38,74.96,3,9.5,0
55,82.23,0,8.8,0
49,63.52,3,9.6,0
61,71.57,1,6.8,0
27,72.69,3,5.3,0
36,75.38,1,10.0,0
31,89.31,0,3.9,0
65,83.88,3,4.1,1
22,71.11,2,8.1,0
42,49.77,0,10.0,0
9,71.69,1,7.4,1
61,69.3,0,9.0,0
28,74.83,0,3.0,0
25,125.16,0,6.0,0
42,56.91,2,3.3,0
36,80.56,1,8.6,0
61,96.71,1,3.9,0
38,72.45,3,4.4,0
37,128.45,1,8.0,0
8,60.55,1,9.1,0
2,78.1,4,6.7,0
29,50.03,1,8.1,0
71,61.21,2,8.1,0
66,76.22,1,6.6,0
45,91.16,0,4.8,0
45,77.98,3,8.1,0
28,101.48,1,8.2,0
13,67.63,0,8.8,0
1,61.7,1,7.6,0
25,137.6,1,4.7,0
23,79.86,1,8.4,1
14,52.01,3,7.0,1
19,52.64,1,6.0,0
2,46.43,2,6.4,0
44,93.41,0,5.6,0
66,60.89,3,8.8,0
50,73.18,2,4.2,0
32,68.41,1,5.0,1
30,88.29,1,6.3,0
22,48.83,2,10.0,0
11,43.11,2,9.1,0
43,75.61,1,3.7,1
41,85.02,1,9.7,0
1,78.31,2,9.7,0
30,49.76,1,4.7,0
20,86.94,1,2.0,0
13,51.4,2,6.9,0
50,56.96,0,9.2,0
38,46.4,1,10.0,0
45,102.53,0,5.3,0
51,85.84,0,10.0,0
70,85.12,1,2.5,0
57,101.18,1,6.3,0
45,140.32,1,6.2,0
63,27.27,2,9.3,0
34,51.54,0,9.6,0
70,54.6,3,8.9,0
55,48.73,2,4.3,0
47,43.06,2,8.7,0
65,62.51,2,8.0,0
37,39.58,1,3.7,1
52,78.38,2,2.9,0
21,71.29,0,9.1,0
69,82.03,4,6.6,0
45,82.69,4,4.4,0
56,85.08,0,6.6,0
33,60.66,1,7.7,0
62,123.03,0,6.8,0
6,75.86,3,3.9,0
9,23.44,3,10.0,0
37,44.94,1,9.0,0
53,26.49,0,6.3,0
58,70.43,0,6.4,0
32,66.95,5,7.7,0
47,58.29,3,4.7,0
40,120.27,0,7.6,0
69,83.72,1,4.3,0
47,88.15,1,6.9,0
30,46.72,0,4.7,0
69,45.02,0,4.8,0
8,70.92,4,10.0,0
70,74.33,1,7.1,0
11,23.59,0,7.4,0
21,65.49,3,3.0,0
59,70.35,1,5.8,0
53,64.62,1,7.9,0
69,49.67,2,7.4,0
54,56.51,1,2.7,0
46,65.58,0,7.4,0
25,72.27,0,7.7,0
1,85.12,4,9.6,1
9,97.02,0,5.7,0
22,62.64,1,2.5,0
3,58.6,2,5.0,1
37,80.94,1,4.8,0
56,85.27,1,8.5,0
69,59.14,0,1.6,0
35,89.76,0,6.1,0
63,94.49,3,9.9,0
70,102.29,0,7.0,0
62,114.46,1,8.8,0
34,48.34,0,3.7,0
24,70.35,1,3.8,0
70,70.28,0,9.9,0
18,67.55,2,7.2,0
30,53.77,2,7.2,1
6,32.86,0,4.8,0
57,72.32,3,7.2,0
47,50.79,0,4.7,0
7,72.15,2,9.4,0
16,50.15,1,10.0,0
40,42.51,5,8.0,0
39,75.86,1,5.7,0
57,73.77,0,1.9,0
19,84.48,1,3.6,1
66,124.65,3,10.0,0
32,76.93,0,4.9,0
59,82.13,1,6.3,0
17,43.06,0,8.3,0
3,37.83,2,10.0,0
4,109.57,0,6.6,0
27,46.91,1,6.2,0
68,43.9,0,7.1,0
4,69.02,1,5.7,0
27,67.75,1,5.9,0
8,47.44,1,7.8,0
67,62.38,1,7.4,0
48,100.73,1,10.0,0
55,49.85,0,7.9,0
51,35.16,1,9.3,0
47,93.56,0,4.9,0
55,82.31,0,8.1,0
1,54.49,3,5.6,0
62,30.45,2,7.8,0
53,51.38,2,8.4,0
53,68.63,1,7.1,0
28,99.14,0,10.0,0
57,44.09,1,9.9,0
28,67.89,0,9.4,0
4,86.88,3,8.5,0
65,10.47,3,10.0,0
17,95.84,1,4.1,0
8,40.44,3,9.7,0
45,78.3,1,5.0,0
17,76.17,3,5.9,0
61,97.11,1,8.1,0
32,83.77,3,9.5,1
1,10.57,2,4.7,0
68,50.38,3,6.0,0
37,73.46,0,7.2,0
19,65.13,1,6.6,0
49,81.94,2,8.7,0
38,89.73,3,10.0,0
3,85.21,1,7.8,0
54,64.64,0,5.5,0
29,23.84,2,4.4,0
50,58.61,0,6.3,0
64,80.41,1,5.1,0
44,42.74,2,7.9,0
48,85.78,1,7.9,0
19,92.71,2,6.1,1
17,73.17,1,10.0,1
30,10.0,0,5.5,0
61,38.05,1,6.8,0
38,117.15,1,8.3,0
25,56.34,1,8.8,0
56,20.4,1,9.6,0
61,100.88,3,7.9,0
65,70.33,1,9.1,0
22,97.62,3,5.7,1
51,76.92,1,8.8,0
42,81.46,0,8.8,0
32,79.08,1,10.0,0
29,87.44,0,3.7,0
9,126.94,3,5.2,0
20,94.28,1,8.6,1
40,30.49,1,1.7,1
63,81.17,3,8.0,0
62,98.54,1,9.1,0
14,100.07,1,5.8,0
49,59.33,0,6.1,0
7,99.12,3,4.9,1
48,93.19,1,6.0,0
25,134.31,0,6.0,0
32,51.25,1,5.6,0
51,57.31,1,5.5,0
31,62.35,0,6.5,0
58,57.74,1,6.4,0
38,47.75,2,10.0,0
71,10.0,1,6.2,0
46,59.13,1,7.7,0
22,79.23,4,5.8,0
56,57.67,5,5.8,0
29,118.38,3,3.6,0
38,70.33,1,3.9,0
10,102.28,2,4.6,0
9,76.54,1,7.4,0
41,90.66,2,9.2,0
14,76.98,1,3.4,0
71,104.22,2,5.9,0
61,71.4,2,4.3,0
50,82.4,2,6.5,0
53,79.16,1,9.2,0
43,62.79,1,6.1,1
5,80.12,1,6.9,0
28,125.86,2,9.9,1
36,63.24,1,7.9,0
65,80.49,3,5.5,0
16,101.44,1,7.3,0
36,98.51,1,5.3,0
25,70.29,5,7.8,0
10,10.42,3,8.0,0
8,82.92,4,4.3,0
26,14.51,1,7.4,0
6,106.75,2,6.8,0
5,74.24,1,8.1,0
25,94.99,2,8.7,0
15,47.45,2,8.0,0
40,31.19,0,6.4,0
2,76.52,3,8.9,0
22,69.16,2,5.3,0
33,57.71,0,4.4,0
69,72.12,2,1.0,0
46,139.19,3,6.9,1
63,90.86,1,5.4,0
25,96.24,2,7.8,0
32,91.1,1,3.1,0
30,106.99,0,5.7,0
64,65.25,1,7.9,0
69,18.63,0,4.9,0
69,65.29,3,7.8,0
54,90.29,2,5.9,0
36,45.75,0,6.9,0
39,65.59,0,8.2,0
70,52.71,1,8.9,0
21,107.55,2,7.2,0
25,88.74,1,5.4,1
64,86.29,0,6.1,0
28,85.54,3,8.3,0
17,69.07,0,5.0,1
40,74.94,1,6.6,0
24,40.37,2,6.2,0
64,15.34,3,6.8,0
65,73.75,0,5.0,0
22,78.1,0,3.3,0
38,100.23,1,8.0,0
70,109.28,0,8.9,0
53,109.25,1,3.4,1
16,45.05,0,7.7,0
42,61.19,2,9.2,0
45,82.01,1,8.2,0
47,133.3,3,6.2,0
2,107.0,2,5.1,0
22,97.98,0,7.2,0
61,60.31,2,7.5,0
18,47.92,2,7.2,0
22,89.72,1,6.6,0
23,42.48,3,4.8,0
13,64.04,2,7.8,0
12,67.13,2,7.9,0
25,109.82,2,7.4,0
63,61.13,4,7.2,0
1,10.0,2,10.0,0
21,82.61,0,5.8,0
5,52.52,2,9.6,0
40,71.07,2,5.5,0
18,67.83,4,9.2,0
57,63.16,1,9.5,0
42,89.76,2,6.4,0
56,31.68,1,10.0,0
46,57.07,1,7.9,0
32,87.1,1,5.2,0
62,54.65,1,6.3,0
34,29.78,2,9.3,0
68,86.71,2,8.8,0
71,98.08,1,4.9,0
42,68.88,3,6.7,0
48,20.98,0,7.4,0
19,87.65,1,6.0,0
58,28.5,3,10.0,0
48,77.72,2,7.5,0
65,47.81,0,6.9,0
19,41.0,0,9.4,0
56,58.95,2,6.3,0
34,65.42,0,9.0,0
14,53.89,1,3.7,0
13,84.72,2,6.1,1
40,58.85,0,9.1,0
23,94.5,1,10.0,1
8,77.03,0,5.5,0
31,52.56,2,5.2,0
47,48.35,1,8.1,0
23,28.81,2,5.8,0
68,77.27,1,6.5,0
56,61.14,2,8.8,0
37,10.7,1,5.9,0
67,56.61,1,3.1,0
31,47.47,0,4.4,0
10,109.39,2,7.0,0
3,27.43,1,3.3,0
67,33.97,1,6.4,0
69,97.75,0,4.2,0
53,103.92,3,10.0,0
8,51.38,3,10.0,1
21,54.2,2,4.9,0
3,85.41,2,7.5,0
4,11.82,6,5.1,0
18,23.47,1,6.4,0
41,62.98,0,10.0,0
5,108.75,3,6.1,0
70,59.11,4,6.4,0
33,72.52,1,5.1,0
19,98.34,0,9.3,0
37,122.67,1,1.0,1
57,55.58,0,6.1,0
23,69.58,1,6.9,0
4,115.55,1,5.7,0
4,31.95,1,8.7,0
61,95.69,0,9.4,0
8,44.54,0,4.2,0
46,72.56,1,10.0,0
28,63.93,1,4.2,0
56,46.05,1,9.6,0
5,45.42,2,7.3,0
64,76.91,1,6.0,0
50,94.89,1,6.2,1
32,66.76,1,6.9,0
15,71.75,3,7.4,0
70,84.28,2,5.2,0
22,45.71,3,6.5,0
35,88.49,0,5.5,0
28,90.48,2,4.6,0
17,135.09,0,5.4,1
30,60.6,1,4.7,0
11,58.55,1,6.2,0
1,89.22,0,7.9,0
21,90.48,0,7.2,0
8,56.62,0,10.0,0
30,59.92,2,2.6,1
62,83.53,3,7.9,0
12,49.31,2,7.0,0
1,59.74,2,8.6,0
8,72.24,1,8.4,0
37,94.9,1,6.7,0
20,54.89,3,7.3,0
35,23.94,2,5.5,0
3,22.09,1,8.2,0
24,38.51,1,3.2,0
30,37.17,2,8.6,0
31,66.13,3,7.0,0
40,40.28,1,6.0,0
56,52.43,3,6.5,0
34,50.65,1,6.7,0
60,58.99,0,9.6,0
38,103.06,3,10.0,0
19,86.55,1,9.4,0
17,70.4,2,5.9,0
23,58.47,2,8.3,0
43,59.17,2,8.3,0
18,78.19,2,5.1,0
65,84.6,0,4.5,0
35,47.31,2,6.9,0
62,70.91,4,8.6,0
49,19.21,1,3.8,0
24,75.29,1,5.6,0
17,89.05,0,8.1,0
53,63.0,1,7.1,0
24,115.41,0,9.8,0
18,47.97,1,4.2,0
67,75.44,3,10.0,0
35,69.1,1,3.9,0
4,67.49,1,2.9,1
36,67.14,2,6.9,0
33,72.68,1,4.7,0
62,91.2,0,6.9,0
51,104.44,0,6.9,0
14,69.94,0,6.6,0
11,90.38,0,5.3,0
43,52.46,2,7.9,0
4,89.15,1,6.4,0
23,50.95,1,9.2,0
10,97.27,2,6.6,0
2,125.27,3,5.1,1
66,66.95,0,3.6,0
7,15.19,3,6.7,0
1,56.3,3,4.5,1
67,100.8,1,4.3,0
14,83.83,3,8.1,0
58,76.22,1,3.4,0
3,95.22,1,9.8,0
11,82.11,2,7.3,1
8,100.44,1,6.9,0
51,92.99,2,4.9,0
45,108.04,3,8.5,0
34,78.97,2,7.0,0
18,92.63,3,5.6,0
7,62.32,1,7.4,1
41,54.96,2,3.6,0
17,112.67,3,3.7,1
42,75.41,3,4.8,0
49,90.12,1,7.7,0
61,73.09,0,7.0,0
36,55.34,1,9.1,0
1,70.27,1,5.2,0
20,105.9,0,8.1,0
61,83.88,4,6.8,0
38,27.21,2,5.1,0
44,64.62,3,7.8,0
33,114.56,1,6.9,0
12,64.66,2,5.7,0
64,24.99,0,7.1,0
55,117.33,6,6.7,0
71,87.06,1,6.7,0
61,68.25,0,6.2,0
21,60.71,1,4.4,1
19,97.06,4,7.1,0
18,56.45,0,5.4,0
66,98.71,1,5.0,0
40,83.55,1,6.5,0
33,76.12,0,8.5,0
69,73.64,0,7.4,0
43,65.63,1,5.9,0
65,96.14,1,5.9,0
70,48.37,1,8.3,0
6,29.45,0,2.2,0
26,85.36,3,8.6,0
53,85.78,1,3.3,0
58,82.01,1,4.2,0
11,80.19,0,6.0,0
23,61.99,1,10.0,0
39,89.69,0,10.0,0
57,68.86,0,8.4,0
9,57.82,2,7.7,0
43,62.2,3,3.3,0
22,120.52,3,7.3,1
16,26.63,0,5.9,0
37,82.49,0,5.4,0
30,28.02,0,7.3,0
46,67.29,0,6.1,0
23,59.16,1,8.7,0
59,17.87,2,3.1,0
6,79.73,2,7.2,0
62,60.5,5,5.2,0
3,17.52,3,6.2,0
53,90.99,3,7.6,0
25,105.88,1,4.8,1
28,107.25,3,7.3,0
2,78.97,1,6.6,1
50,71.15,2,5.7,0
12,103.2,2,6.1,0
47,112.06,3,6.7,0
52,98.34,2,5.5,0
61,46.46,1,7.0,0
51,75.03,2,6.4,0
22,80.99,2,5.8,0
53,24.76,5,10.0,0
59,81.73,2,7.8,0
23,126.82,1,6.2,0
9,86.0,2,7.3,1
64,106.84,0,4.9,1
11,74.57,2,6.1,0
43,68.17,2,6.4,0
17,79.53,3,4.5,0
9,49.6,2,7.8,0
56,45.91,0,6.0,0
11,101.66,1,6.3,0
48,104.31,4,5.9,1
50,45.22,2,10.0,0
5,94.2,1,5.7,0
13,67.83,0,2.9,0
57,78.5,0,3.8,0
37,81.51,0,8.5,0
9,94.86,2,9.7,0
71,72.07,3,5.6,0
19,105.25,5,9.6,1
1,77.74,3,8.5,0
66,85.6,0,6.6,0
2,49.17,1,6.5,1
40,123.97,1,7.4,0
71,81.75,1,8.8,0
42,87.82,2,7.8,0
42,29.8,0,5.6,0
28,49.43,3,6.7,0
10,100.95,1,10.0,0
41,77.17,2,7.5,0
64,22.16,2,8.7,0
7,95.96,1,8.1,0
63,56.41,0,7.5,0
30,105.28,0,7.2,0
39,67.8,1,8.8,0
12,75.12,4,8.4,0
45,99.47,0,7.5,0
13,47.56,2,5.6,0
20,45.18,1,7.8,0
52,65.09,1,6.9,0
4,90.68,1,6.4,0
32,36.73,1,10.0,0
43,28.3,0,3.9,0
10,90.59,2,8.9,0
21,54.93,2,5.3,0
25,60.19,0,7.3,0
48,23.58,1,10.0,0
70,53.03,2,5.1,0
60,69.81,3,5.6,0
14,93.26,0,7.0,0
2,50.72,1,5.3,0
4,111.43,2,8.8,0
43,52.89,1,5.9,0
12,52.92,4,8.3,0
17,108.43,3,4.3,0
61,75.29,0,3.4,0
63,56.2,1,6.5,0
60,66.12,4,3.9,0
19,103.83,1,10.0,1
44,106.66,1,3.9,0
44,49.58,1,4.9,0
14,68.94,1,7.8,0
40,72.25,1,5.8,0
38,45.34,2,4.0,0
29,68.61,0,10.0,0
54,70.13,3,5.0,0
49,98.51,3,6.6,0
38,100.19,1,6.6,0
52,61.77,1,8.4,0
55,64.65,4,7.9,0
41,86.61,2,5.3,0
20,55.37,2,6.3,0
54,84.72,1,6.5,0
51,67.8,1,8.5,0
70,45.77,1,4.7,0
11,46.08,0,10.0,0
30,106.18,3,5.5,0
66,66.09,2,7.0,0
37,111.01,3,4.7,1
67,57.16,5,4.4,0
1,77.28,1,5.3,0
3,129.82,0,5.1,0
57,43.57,2,6.2,0
26,22.55,3,5.0,0
37,102.16,0,8.4,0
31,49.33,1,5.4,0
29,69.48,2,5.2,1
67,55.35,2,6.2,0
7,76.7,0,9.0,0
55,46.24,3,7.4,0
64,65.5,2,6.8,0
47,81.25,0,4.1,0
29,44.79,1,4.7,0
12,52.5,1,4.4,0
49,61.32,2,9.6,0
34,34.28,2,8.1,0
11,59.44,1,5.3,1
26,72.97,3,5.9,0
69,60.01,1,5.3,0
19,63.22,3,5.2,0
13,69.5,0,7.9,0
49,53.61,0,6.4,0
15,87.28,3,10.0,1
66,105.9,2,9.5,0
61,58.39,2,9.6,0
70,82.13,0,8.3,0
65,64.01,0,6.2,0
18,79.14,0,8.2,0
16,109.14,1,6.3,0
25,82.72,1,10.0,0
34,25.66,0,7.8,0
63,81.35,1,7.5,0
53,100.82,2,7.3,0
46,64.46,0,10.0,0
63,94.89,2,4.1,0
46,52.75,2,10.0,0
27,32.86,2,6.6,0
30,73.53,5,4.2,1
37,26.09,3,5.5,0
7,64.01,3,3.7,0
53,102.17,3,8.3,0
47,22.26,3,4.9,0
52,38.01,1,7.3,0
38,44.2,1,9.3,0
56,68.42,4,5.7,0
68,60.86,1,6.5,0
41,104.98,2,4.4,0
32,93.86,3,6.2,0
8,82.38,0,10.0,0
56,73.64,0,8.6,0
65,79.83,3,6.5,0
50,48.45,1,5.8,0
62,91.43,1,6.9,0
62,42.2,1,7.3,0
57,90.88,3,6.2,0
36,99.65,3,8.1,0
8,75.27,2,5.1,0
1,65.59,1,5.1,0
15,80.01,1,7.7,1
31,10.0,1,4.7,0
53,77.56,1,8.5,0
33,67.17,1,7.0,0
2,68.73,0,3.3,0
15,87.66,3,7.2,0
70,68.13,0,3.6,0
71,41.49,0,8.4,0
27,66.46,3,6.5,0
58,71.69,2,10.0,0
52,72.87,1,9.1,0
67,74.05,2,4.9,0
64,95.98,3,3.0,0
45,42.85,0,5.5,0
29,74.39,2,4.6,0
45,102.25,1,10.0,0
23,26.63,1,7.0,0
25,74.49,1,8.9,0
44,55.37,1,6.4,0
41,60.73,0,6.6,0
42,47.38,0,6.9,0
28,65.76,3,9.2,0
30,116.03,1,7.6,0
1,38.39,1,4.9,1
43,40.76,4,10.0,0
41,37.45,0,6.4,0
67,113.19,0,6.1,0
36,58.44,3,1.3,0
34,69.36,3,8.3,0
5,59.93,0,7.2,0
14,46.39,0,7.2,0
25,64.12,2,6.2,1
27,131.46,1,5.8,0
26,104.8,1,6.3,0
28,48.68,0,7.9,0
55,86.19,2,8.3,0
10,49.21,0,6.5,0
24,25.59,1,8.9,1
12,95.49,0,6.8,0
22,99.0,0,6.0,0
49,96.15,3,7.4,0
4,58.25,3,4.3,0
25,65.83,1,7.5,0
2,88.74,2,3.9,0
68,79.79,3,4.9,0
52,60.16,2,3.0,1
18,29.52,3,6.6,0
15,72.85,2,10.0,0
8,96.98,0,6.8,0
34,40.06,0,8.3,0
54,85.97,1,10.0,0
42,78.29,1,7.8,0
63,88.75,1,5.5,0
25,91.8,4,5.7,0
20,52.64,0,7.0,0
34,29.58,0,5.7,0
15,56.66,1,5.9,0
70,92.23,1,9.0,0
14,56.45,4,9.1,0
34,52.65,0,3.7,0
38,24.47,2,5.4,1
5,113.82,2,6.1,0
34,90.64,1,8.2,0
33,89.25,4,9.3,0
19,94.19,0,10.0,0
10,84.42,2,6.1,0
4,63.89,0,6.2,0
1,65.91,2,8.2,0
35,59.31,0,5.6,0
7,135.87,0,6.7,1
69,83.9,2,6.2,0
18,58.4,2,1.8,0
47,81.64,1,7.2,0
48,44.73,1,6.6,0
36,107.61,2,9.5,0
63,53.47,3,7.0,0
8,82.53,1,4.5,0
17,96.65,0,6.5,0
18,79.62,0,2.8,0
10,72.36,0,4.6,0
21,70.27,3,8.3,0
23,68.59,2,6.5,0
55,55.58,2,8.8,0
22,58.76,2,3.1,0
63,106.99,2,6.5,0
55,67.29,4,6.0,0
65,50.36,1,8.9,0
8,57.09,3,8.3,0
70,97.51,2,8.3,0
44,86.89,0,10.0,0
70,84.01,1,6.3,0
26,63.56,0,9.7,1
68,84.33,0,4.9,0
42,53.91,1,4.8,1
6,63.51,2,8.5,1
30,94.25,0,4.0,0
10,91.86,0,8.1,0
67,45.45,1,7.2,0
22,48.61,2,9.1,0
16,72.72,1,6.9,0
40,113.15,2,7.1,0
31,22.11,3,8.0,0
7,76.96,1,5.7,0
58,35.6,0,5.6,0
61,54.14,0,7.9,0
53,60.89,2,6.9,0
44,59.49,0,6.2,0
29,56.66,2,6.8,0
39,70.18,4,10.0,0
37,56.62,0,6.1,0
12,33.44,1,6.1,0
6,89.5,1,3.6,0
18,88.82,5,6.9,0
33,91.08,1,8.3,0
12,31.48,2,8.7,0
8,77.47,0,7.2,0
61,86.9,1,8.9,0
27,44.22,1,8.5,0
42,70.23,2,9.2,0
38,67.09,0,9.0,0
53,116.05,3,10.0,0
53,118.11,5,6.7,1
22,28.39,2,4.3,1
61,132.35,6,8.3,0
27,47.12,0,8.6,0
60,94.52,2,10.0,0
29,94.26,2,9.6,0
8,45.11,2,10.0,0
54,82.33,3,8.2,0
3,67.31,1,7.5,0
55,83.86,0,4.2,0
4,75.77,1,7.6,0
15,99.91,2,5.9,0
43,71.88,4,7.4,0
67,65.8,0,7.1,0
30,97.4,0,7.9,0
9,84.51,3,6.8,0
17,88.3,0,8.9,0
64,53.39,2,1.6,0
52,43.87,1,7.4,0
8,55.81,0,9.4,0
28,54.48,1,10.0,0
19,89.65,2,8.5,1
13,94.4,1,10.0,0
61,66.12,0,7.3,0
44,105.77,3,7.0,0
13,104.21,3,8.1,0
47,76.08,1,7.0,0
30,49.45,2,5.4,0
5,109.38,3,6.0,0
32,68.47,2,4.8,0
14,73.15,1,8.1,0
18,61.51,6,7.0,0
63,47.76,0,6.3,0
51,33.28,3,5.9,0
10,85.82,1,8.0,0
61,50.41,1,8.6,0
41,146.49,1,4.7,0
63,42.85,1,4.4,0
54,38.57,1,8.9,0
25,82.75,1,4.2,0
38,108.23,2,8.1,0
38,71.61,1,10.0,0
52,84.31,0,10.0,0
18,23.91,1,8.5,1
24,53.06,3,8.4,0
18,43.16,1,10.0,0
22,22.62,0,2.3,1
12,72.92,3,6.1,0
3,13.93,0,8.7,0
67,36.95,1,6.3,0
6,56.57,2,9.5,0
64,49.22,0,6.9,0
1,79.91,1,7.3,0
56,77.64,0,6.5,0
24,92.34,2,6.0,0
37,88.81,1,5.9,0
21,98.52,2,7.5,0
35,69.95,0,5.5,0
33,77.59,2,8.9,0
38,82.79,4,8.3,1
28,73.54,1,9.2,0
39,60.07,2,4.7,0
59,61.69,4,3.6,0
31,49.56,0,7.0,0
26,80.54,1,10.0,0
10,67.65,2,9.5,0
26,53.42,1,5.9,0
9,53.44,0,7.8,0
13,39.74,3,8.5,0
68,94.47,0,4.3,0
7,71.97,0,9.7,1
35,48.43,0,6.7,0
60,90.21,3,6.8,0
68,55.99,1,7.0,0
11,34.84,2,9.3,1
12,95.53,1,5.5,1
27,56.57,3,3.6,0
40,59.78,1,7.6,0
69,71.03,2,2.9,1
15,98.56,2,6.4,0
12,70.5,1,9.4,0
18,40.02,1,8.2,0
63,83.6,0,9.1,0
3,57.88,2,8.2,0
27,117.2,0,10.0,0
9,69.97,2,5.8,0
12,14.12,1,7.8,0
66,78.93,0,6.1,0
1,118.61,2,8.9,0
23,109.4,1,6.9,1
65,115.77,3,10.0,0
44,44.51,2,5.9,0
6,92.8,2,9.8,0
34,51.95,1,8.2,0
69,75.61,1,6.9,0
29,38.18,2,8.1,0
38,53.89,2,7.5,0
38,53.09,1,7.7,1
47,92.46,2,6.6,0
14,90.02,1,5.6,0
60,76.92,1,6.3,0
71,36.24,1,3.6,0
11,62.21,1,8.7,0
59,51.35,3,4.5,0
59,91.74,1,6.6,0
53,99.45,1,8.3,0
27,96.41,1,8.7,0
34,51.12,2,3.5,0
60,10.0,0,6.8,0
11,25.83,2,7.9,0
59,105.54,0,7.1,0
66,59.97,0,9.7,0
49,51.23,2,5.4,0
25,111.07,0,2.9,1
40,101.63,1,8.6,0
4,70.61,1,5.9,0
67,62.66,4,3.5,0
25,66.7,0,6.7,0
5,75.68,2,9.5,0
57,110.0,1,4.5,0
47,80.56,0,10.0,0
45,88.15,4,5.3,0
4,99.23,0,7.2,0
54,40.76,2,4.6,0
46,88.87,0,7.1,0
57,62.64,2,6.7,0
59,10.0,4,4.0,0
16,16.8,3,10.0,0
15,44.55,1,6.0,0
66,83.28,5,6.0,0
38,72.84,3,8.9,0
32,74.61,3,10.0,0
21,118.77,0,9.3,1
46,38.27,1,4.6,0
54,69.31,1,7.4,0
1,77.61,1,3.2,0
40,51.59,0,8.8,0
71,70.71,1,3.7,0
20,30.0,0,5.4,0
20,105.25,1,7.0,1
