metric_name,dimension,value,recorded_at
incidents,overall,7.6,2025-01-01
incidents,overall,7.1,2025-01-02
incidents,overall,10.5,2025-01-03
incidents,overall,6.4,2025-01-04
incidents,overall,9.1,2025-01-05
incidents,overall,8.9,2025-01-06
incidents,overall,5.8,2025-01-07
incidents,overall,7.0,2025-01-08
incidents,overall,7.2,2025-01-09
incidents,overall,9.1,2025-01-10
incidents,overall,7.7,2025-01-11
incidents,overall,8.2,2025-01-12
incidents,overall,6.2,2025-01-13
incidents,overall,11.9,2025-01-14
incidents,overall,8.5,2025-01-15
incidents,overall,9.2,2025-01-16
incidents,overall,7.7,2025-01-17
incidents,overall,7.5,2025-01-18
incidents,overall,11.4,2025-01-19
incidents,overall,5.7,2025-01-20
incidents,overall,9.0,2025-01-21
incidents,overall,6.8,2025-01-22
incidents,overall,8.1,2025-01-23
incidents,overall,7.7,2025-01-24
incidents,overall,7.2,2025-01-25
incidents,overall,8.8,2025-01-26
incidents,overall,4.9,2025-01-27
incidents,overall,8.3,2025-01-28
incidents,overall,8.7,2025-01-29
incidents,overall,6.8,2025-01-30
incidents,overall,11.2,2025-01-31
incidents,overall,8.0,2025-02-01
incidents,overall,8.6,2025-02-02
incidents,overall,8.1,2025-02-03
incidents,overall,8.9,2025-02-04
incidents,overall,11.0,2025-02-05
incidents,overall,12.8,2025-02-06
incidents,overall,10.2,2025-02-07
incidents,overall,10.8,2025-02-08
incidents,overall,11.7,2025-02-09
incidents,overall,9.6,2025-02-10
incidents,overall,11.6,2025-02-11
incidents,overall,10.4,2025-02-12
incidents,overall,9.5,2025-02-13
incidents,overall,9.8,2025-02-14
incidents,overall,6.6,2025-02-15
incidents,overall,9.8,2025-02-16
incidents,overall,7.1,2025-02-17
incidents,overall,7.0,2025-02-18
incidents,overall,9.8,2025-02-19
incidents,overall,7.8,2025-02-20
incidents,overall,9.5,2025-02-21
incidents,overall,9.8,2025-02-22
incidents,overall,9.9,2025-02-23
incidents,overall,8.3,2025-02-24
incidents,overall,11.0,2025-02-25
incidents,overall,9.5,2025-02-26
incidents,overall,10.4,2025-02-27
incidents,overall,7.9,2025-02-28
incidents,overall,9.5,2025-03-01
incidents,overall,11.4,2025-03-02
incidents,overall,11.3,2025-03-03
incidents,overall,8.7,2025-03-04
incidents,overall,9.1,2025-03-05
incidents,overall,8.4,2025-03-06
incidents,overall,9.0,2025-03-07
incidents,overall,7.9,2025-03-08
incidents,overall,9.8,2025-03-09
incidents,overall,11.0,2025-03-10
incidents,overall,8.9,2025-03-11
incidents,overall,10.0,2025-03-12
incidents,overall,9.8,2025-03-13
incidents,overall,11.7,2025-03-14
incidents,overall,9.3,2025-03-15
incidents,overall,9.4,2025-03-16
incidents,overall,9.0,2025-03-17
incidents,overall,8.6,2025-03-18
incidents,overall,11.1,2025-03-19
incidents,overall,10.1,2025-03-20
incidents,overall,10.5,2025-03-21
incidents,overall,12.3,2025-03-22
incidents,overall,12.4,2025-03-23
incidents,overall,8.0,2025-03-24
incidents,overall,11.5,2025-03-25
incidents,overall,10.9,2025-03-26
incidents,overall,9.9,2025-03-27
incidents,overall,11.1,2025-03-28
incidents,overall,8.0,2025-03-29
incidents,overall,12.8,2025-03-30
incidents,overall,11.4,2025-03-31
incidents,overall,9.4,2025-04-01
incidents,overall,9.9,2025-04-02
incidents,overall,8.2,2025-04-03
incidents,overall,10.3,2025-04-04
incidents,overall,10.1,2025-04-05
incidents,overall,8.9,2025-04-06
incidents,overall,12.0,2025-04-07
incidents,overall,12.8,2025-04-08
incidents,overall,10.9,2025-04-09
incidents,overall,10.5,2025-04-10
incidents,overall,11.7,2025-04-11
incidents,overall,11.0,2025-04-12
incidents,overall,9.4,2025-04-13
incidents,overall,10.1,2025-04-14
incidents,overall,10.7,2025-04-15
incidents,overall,11.5,2025-04-16
incidents,overall,11.2,2025-04-17
incidents,overall,11.5,2025-04-18
incidents,overall,9.0,2025-04-19
incidents,overall,12.3,2025-04-20
incidents,overall,11.3,2025-04-21
incidents,overall,15.2,2025-04-22
incidents,overall,10.8,2025-04-23
incidents,overall,11.9,2025-04-24
incidents,overall,15.7,2025-04-25
incidents,overall,11.7,2025-04-26
incidents,overall,11.4,2025-04-27
incidents,overall,10.0,2025-04-28
incidents,overall,13.8,2025-04-29
incidents,overall,9.8,2025-04-30
incidents,overall,12.2,2025-05-01
incidents,overall,10.9,2025-05-02
incidents,overall,11.4,2025-05-03
incidents,overall,9.6,2025-05-04
incidents,overall,13.7,2025-05-05
incidents,overall,11.3,2025-05-06
incidents,overall,10.0,2025-05-07
incidents,overall,13.7,2025-05-08
incidents,overall,11.1,2025-05-09
incidents,overall,12.4,2025-05-10
incidents,overall,13.2,2025-05-11
incidents,overall,12.6,2025-05-12
incidents,overall,8.7,2025-05-13
incidents,overall,13.0,2025-05-14
incidents,overall,11.9,2025-05-15
incidents,overall,11.6,2025-05-16
incidents,overall,11.9,2025-05-17
incidents,overall,9.7,2025-05-18
incidents,overall,12.4,2025-05-19
incidents,overall,10.1,2025-05-20
incidents,overall,11.8,2025-05-21
incidents,overall,12.5,2025-05-22
incidents,overall,13.9,2025-05-23
incidents,overall,11.1,2025-05-24
incidents,overall,14.5,2025-05-25
incidents,overall,13.8,2025-05-26
incidents,overall,11.7,2025-05-27
incidents,overall,10.7,2025-05-28
incidents,overall,10.3,2025-05-29
incidents,overall,12.9,2025-05-30
incidents,overall,11.4,2025-05-31
incidents,overall,14.3,2025-06-01
incidents,overall,11.5,2025-06-02
incidents,overall,11.2,2025-06-03
incidents,overall,13.0,2025-06-04
incidents,overall,11.6,2025-06-05
incidents,overall,12.7,2025-06-06
incidents,overall,14.2,2025-06-07
incidents,overall,12.9,2025-06-08
incidents,overall,13.0,2025-06-09
incidents,overall,13.1,2025-06-10
incidents,overall,10.3,2025-06-11
incidents,overall,13.4,2025-06-12
incidents,overall,13.1,2025-06-13
incidents,overall,14.3,2025-06-14
incidents,overall,13.9,2025-06-15
incidents,overall,12.7,2025-06-16
incidents,overall,14.6,2025-06-17
incidents,overall,12.6,2025-06-18
incidents,overall,13.4,2025-06-19
incidents,overall,12.6,2025-06-20
incidents,overall,13.8,2025-06-21
incidents,overall,12.6,2025-06-22
incidents,overall,15.7,2025-06-23
incidents,overall,16.2,2025-06-24
incidents,overall,14.6,2025-06-25
incidents,overall,15.6,2025-06-26
incidents,overall,11.0,2025-06-27
incidents,overall,11.2,2025-06-28
incidents,overall,12.9,2025-06-29
